[
  {
    "Reference": "John 3:16",
    "Text": "For God so loved the world that He gave His only Son...",
    "Timestamp": "2024-03-16T12:00:00"
  },
  {
    "Reference": "Proverbs 3:5-6",
    "Text": "Trust in the Lord with all your heart and lean not on your own understanding...",
    "Timestamp": "2024-03-16T12:00:00"
  },
  {
    "Reference": "Philippians 4:13",
    "Text": "\"I can do all things through Christ who strengthens me.\"",
    "Timestamp": "2025-03-16T19:35:56.8957888+05:00"
  },
  {
    "Reference": "Psalm 46:10",
    "Text": "\"Be still, and know that I am God.\"",
    "Timestamp": "2025-03-16T19:36:29.1815934+05:00"
  }
]